{
    "data": {
        "values": [
            {
                "seq_number": 0,
                "time_start": 0,
                "video": {
                    "neutral": 0.31088790033522173,
                    "happiness": 0.1134941425858611,
                    "anger": 0.21956464855564162
                },
                "audio": {
                    "neutral": 0.4709934930855798,
                    "happiness": 0.4409310919012528,
                    "anger": 0.24028107719972214
                },
                "text": {
                    "neutral": 0.46526399818719966,
                    "happiness": 0.4987118248855501,
                    "anger": 0.8640703366803603
                }
            },
            {
                "seq_number": 10,
                "time_start": 10,
                "video": {
                    "neutral": 0.8437513781949946,
                    "happiness": 0.7343970033793515,
                    "anger": 0.4111122703893967
                },
                "audio": {
                    "neutral": 0.3894541868433835,
                    "happiness": 0.08748103301780341,
                    "anger": 0.37945236420400463
                },
                "text": {
                    "neutral": 0.9611657275450705,
                    "happiness": 0.24940741291947233,
                    "anger": 0.1492672553953598
                }
            },
            {
                "seq_number": 20,
                "time_start": 20,
                "video": {
                    "neutral": 0.339110400500084,
                    "happiness": 0.2116440375008387,
                    "anger": 0.606688594409512
                },
                "audio": {
                    "neutral": 0.09288197553520716,
                    "happiness": 0.10134799709844167,
                    "anger": 0.5465488875867693
                },
                "text": {
                    "neutral": 0.4181417441671398,
                    "happiness": 0.6274396053806087,
                    "anger": 0.7768969261416941
                }
            }
        ],
        "total": {
            "neutral": 24,
            "happiness": 26,
            "anger": 88
        }
    },
    "error": null,
    "success": true
}

