{
    "data": {
        "values": {
            "emotional_arousal": 0.7907836670043002703,
            "trager_coefficient": 0.4896851516031988,
            "action_certainty_factor": 0.6351534618555966,
            "aggressiveness_coefficient": 0.44774928789694357
        }
    },
    "error": null,
    "success": true
}
